Source path,Owner class FQN,Field name,Serialized name,Serialized name source,Type FQN,Type resolution,Is collection,Is map,Is optional,Format,Required,Validations JSON,Example value
exist-core/src/main/java/org/exist/xmlrpc/RpcAPI.java,org.exist.xmlrpc.RpcAPI$RestoreTaskEvent,code,code,java-name,char,resolved,false,false,false,,true,{},
exist-core/src/main/java/org/exist/management/client/JMXtoXML.java,org.exist.management.client.JMXtoXML$Ping,instance,instance,java-name,java.lang.String,resolved,false,false,false,,false,{},
exist-core/src/main/java/org/exist/management/client/JMXtoXML.java,org.exist.management.client.JMXtoXML$Ping,connection,connection,java-name,javax.management.MBeanServerConnection,resolved,false,false,false,,false,{},
exist-core/src/main/java/org/exist/management/impl/ActiveBroker.java,org.exist.management.impl.ActiveBroker,owner,owner,java-name,java.lang.String,resolved,false,false,false,,false,{},
exist-core/src/main/java/org/exist/management/impl/ActiveBroker.java,org.exist.management.impl.ActiveBroker,referenceCount,referenceCount,java-name,int,resolved,false,false,false,int32,true,{},
exist-core/src/main/java/org/exist/management/impl/ActiveBroker.java,org.exist.management.impl.ActiveBroker,stack,stack,java-name,java.lang.String,resolved,false,false,false,,false,{},
exist-core/src/main/java/org/exist/management/impl/ActiveBroker.java,org.exist.management.impl.ActiveBroker,stackAcquired,stackAcquired,java-name,java.lang.String,resolved,false,false,false,,false,{},
exist-core/src/main/java/org/exist/management/impl/RunningQuery.java,org.exist.management.impl.RunningQuery,id,id,java-name,int,resolved,false,false,false,int32,true,{},
exist-core/src/main/java/org/exist/management/impl/RunningQuery.java,org.exist.management.impl.RunningQuery,sourceType,sourceType,java-name,java.lang.String,resolved,false,false,false,,false,{},
exist-core/src/main/java/org/exist/management/impl/RunningQuery.java,org.exist.management.impl.RunningQuery,sourceKey,sourceKey,java-name,java.lang.String,resolved,false,false,false,,false,{},
exist-core/src/main/java/org/exist/management/impl/RunningQuery.java,org.exist.management.impl.RunningQuery,terminating,terminating,java-name,boolean,resolved,false,false,false,,true,{},
exist-core/src/main/java/org/exist/management/impl/RunningQuery.java,org.exist.management.impl.RunningQuery,requestURI,requestURI,java-name,java.lang.String,resolved,false,false,false,,false,{},
exist-core/src/main/java/org/exist/management/impl/RunningQuery.java,org.exist.management.impl.RunningQuery,thread,thread,java-name,java.lang.String,resolved,false,false,false,,false,{},
exist-core/src/main/java/org/exist/management/impl/RunningQuery.java,org.exist.management.impl.RunningQuery,startTime,startTime,java-name,long,resolved,false,false,false,int64,true,{},
exist-core/src/main/java/org/exist/management/impl/Job.java,org.exist.management.impl.Job,id,id,java-name,java.lang.String,resolved,false,false,false,,false,{},
exist-core/src/main/java/org/exist/management/impl/Job.java,org.exist.management.impl.Job,action,action,java-name,java.lang.String,resolved,false,false,false,,false,{},
exist-core/src/main/java/org/exist/management/impl/Job.java,org.exist.management.impl.Job,info,info,java-name,java.lang.String,resolved,false,false,false,,false,{},
exist-core/src/main/java/org/exist/management/impl/BinaryValues.java,org.exist.management.impl.BinaryValues,instanceId,instanceId,java-name,java.lang.String,resolved,false,false,false,,false,{},
exist-core/src/main/java/org/exist/management/impl/ProcessReportMXBean.java,org.exist.management.impl.ProcessReportMXBean$QueryKey,id,id,java-name,int,resolved,false,false,false,int32,true,{},
exist-core/src/main/java/org/exist/management/impl/ProcessReportMXBean.java,org.exist.management.impl.ProcessReportMXBean$QueryKey,key,key,java-name,java.lang.String,resolved,false,false,false,,false,{},
exist-core/src/main/java/org/exist/management/impl/Error.java,org.exist.management.impl.Error,errcode,errcode,java-name,java.lang.String,resolved,false,false,false,,false,{},
exist-core/src/main/java/org/exist/management/impl/Error.java,org.exist.management.impl.Error,description,description,java-name,java.lang.String,resolved,false,false,false,,false,{},
exist-core/src/main/java/org/exist/util/Configuration.java,org.exist.util.Configuration$StartupTriggerConfig,clazz,clazz,java-name,java.lang.String,resolved,false,false,false,,false,{},
exist-core/src/main/java/org/exist/util/Configuration.java,org.exist.util.Configuration$StartupTriggerConfig,params,params,java-name,,simple-name,true,true,false,,false,{},
exist-core/src/main/java/org/exist/util/Configuration.java,org.exist.util.Configuration$IndexModuleConfig,id,id,java-name,java.lang.String,resolved,false,false,false,,false,{},
exist-core/src/main/java/org/exist/util/Configuration.java,org.exist.util.Configuration$IndexModuleConfig,className,className,java-name,java.lang.String,resolved,false,false,false,,false,{},
exist-core/src/main/java/org/exist/util/Configuration.java,org.exist.util.Configuration$IndexModuleConfig,config,config,java-name,org.w3c.dom.Element,resolved,false,false,false,,false,{},
exist-core/src/main/java/org/exist/util/sax/event/TextEvent.java,org.exist.util.sax.event.TextEvent,ch,ch,java-name,char,resolved,true,false,false,,false,{},
exist-core/src/main/java/org/exist/xquery/functions/fn/FnFormatNumbers.java,org.exist.xquery.functions.fn.FnFormatNumbers$CharRendition,marker,marker,java-name,int,resolved,false,false,false,int32,true,{},
exist-core/src/main/java/org/exist/xquery/functions/fn/FnFormatNumbers.java,org.exist.xquery.functions.fn.FnFormatNumbers$CharRendition,rendition,rendition,java-name,java.lang.String,resolved,false,false,false,,false,{},
exist-core/src/main/java/org/exist/xquery/PerformanceStatsImpl.java,org.exist.xquery.PerformanceStatsImpl$OptimizationStats,source,source,java-name,java.lang.String,resolved,false,false,false,,false,{},
exist-core/src/main/java/org/exist/xquery/PerformanceStatsImpl.java,org.exist.xquery.PerformanceStatsImpl$OptimizationStats,type,type,java-name,org.exist.xquery.PerformanceStats$OptimizationType,resolved,false,false,false,,false,{},
exist-core/src/main/java/org/exist/xquery/PerformanceStatsImpl.java,org.exist.xquery.PerformanceStatsImpl$OptimizationStats,line,line,java-name,int,resolved,false,false,false,int32,true,{},
exist-core/src/main/java/org/exist/xquery/PerformanceStatsImpl.java,org.exist.xquery.PerformanceStatsImpl$OptimizationStats,column,column,java-name,int,resolved,false,false,false,int32,true,{},
exist-core/src/main/java/org/exist/http/ws/EvalProtocol.java,org.exist.http.ws.EvalProtocol$StreamConfig,enabled,enabled,java-name,boolean,resolved,false,false,false,,true,{},
exist-core/src/main/java/org/exist/http/ws/EvalProtocol.java,org.exist.http.ws.EvalProtocol$StreamConfig,chunkSize,chunkSize,java-name,int,resolved,false,false,false,int32,true,{},
exist-core/src/main/java/org/exist/http/ws/EvalProtocol.java,org.exist.http.ws.EvalProtocol$ClientMessage,action,action,java-name,java.lang.String,resolved,false,false,false,,false,{},
exist-core/src/main/java/org/exist/http/ws/EvalProtocol.java,org.exist.http.ws.EvalProtocol$ClientMessage,id,id,java-name,java.lang.String,resolved,false,false,false,,false,{},
exist-core/src/main/java/org/exist/http/ws/EvalProtocol.java,org.exist.http.ws.EvalProtocol$ClientMessage,query,query,java-name,java.lang.String,resolved,false,false,false,,false,{},
exist-core/src/main/java/org/exist/http/ws/EvalProtocol.java,org.exist.http.ws.EvalProtocol$ClientMessage,serialization,serialization,java-name,java.util.Properties,resolved,false,false,false,,false,{},
exist-core/src/main/java/org/exist/http/ws/EvalProtocol.java,org.exist.http.ws.EvalProtocol$ClientMessage,variables,variables,java-name,java.lang.String,resolved,false,true,false,,false,{},
exist-core/src/main/java/org/exist/http/ws/EvalProtocol.java,org.exist.http.ws.EvalProtocol$ClientMessage,context,context,java-name,java.lang.String,resolved,false,false,false,,false,{},
exist-core/src/main/java/org/exist/http/ws/EvalProtocol.java,org.exist.http.ws.EvalProtocol$ClientMessage,moduleLoadPath,moduleLoadPath,java-name,java.lang.String,resolved,false,false,false,,false,{},
exist-core/src/main/java/org/exist/http/ws/EvalProtocol.java,org.exist.http.ws.EvalProtocol$ClientMessage,maxExecutionTime,maxExecutionTime,java-name,long,resolved,false,false,false,int64,true,{},
exist-core/src/main/java/org/exist/http/ws/EvalProtocol.java,org.exist.http.ws.EvalProtocol$ClientMessage,stream,stream,java-name,org.exist.http.ws.EvalProtocol$StreamConfig,resolved,false,false,false,,false,{},
exist-core/src/main/java/org/exist/http/ws/QueryExecutor.java,org.exist.http.ws.QueryExecutor$ErrorInfo,xpe,xpe,java-name,org.exist.xquery.XPathException,resolved,false,false,false,,false,{},
exist-core/src/main/java/org/exist/http/ws/QueryExecutor.java,org.exist.http.ws.QueryExecutor$ErrorInfo,message,message,java-name,java.lang.String,resolved,false,false,false,,false,{},
exist-core/src/main/java/org/exist/http/ws/QueryExecutor.java,org.exist.http.ws.QueryExecutor$ErrorInfo,line,line,java-name,int,resolved,false,false,false,int32,true,{},
exist-core/src/main/java/org/exist/http/ws/QueryExecutor.java,org.exist.http.ws.QueryExecutor$ErrorInfo,column,column,java-name,int,resolved,false,false,false,int32,true,{},
exist-core/src/main/java/org/exist/http/jaxb/Query.java,org.exist.http.jaxb.Query,text,text,java-name,java.lang.String,resolved,false,false,false,,false,{},
exist-core/src/main/java/org/exist/http/jaxb/Query.java,org.exist.http.jaxb.Query,variables,variables,java-name,org.exist.http.jaxb.Query$Variables,resolved,false,false,false,,false,{},
exist-core/src/main/java/org/exist/http/jaxb/Query.java,org.exist.http.jaxb.Query,properties,properties,java-name,org.exist.http.jaxb.Query$Properties,resolved,false,false,false,,false,{},
exist-core/src/main/java/org/exist/http/jaxb/Query.java,org.exist.http.jaxb.Query,start,start,java-name,java.lang.Integer,resolved,false,false,false,int32,false,{},
exist-core/src/main/java/org/exist/http/jaxb/Query.java,org.exist.http.jaxb.Query,max,max,java-name,java.lang.Integer,resolved,false,false,false,int32,false,{},
exist-core/src/main/java/org/exist/http/jaxb/Query.java,org.exist.http.jaxb.Query,enclose,enclose,java-name,org.exist.http.jaxb.YesNo,resolved,false,false,false,,false,{},
exist-core/src/main/java/org/exist/http/jaxb/Query.java,org.exist.http.jaxb.Query,wrap,wrap,java-name,org.exist.http.jaxb.YesNo,resolved,false,false,false,,false,{},
exist-core/src/main/java/org/exist/http/jaxb/Query.java,org.exist.http.jaxb.Query,method,method,java-name,java.lang.String,resolved,false,false,false,,false,{},
exist-core/src/main/java/org/exist/http/jaxb/Query.java,org.exist.http.jaxb.Query,typed,typed,java-name,org.exist.http.jaxb.YesNo,resolved,false,false,false,,false,{},
exist-core/src/main/java/org/exist/http/jaxb/Query.java,org.exist.http.jaxb.Query,mime,mime,java-name,java.lang.String,resolved,false,false,false,,false,{},
exist-core/src/main/java/org/exist/http/jaxb/Query.java,org.exist.http.jaxb.Query,cache,cache,java-name,org.exist.http.jaxb.YesNo,resolved,false,false,false,,false,{},
exist-core/src/main/java/org/exist/http/jaxb/Query.java,org.exist.http.jaxb.Query,session,session,java-name,java.lang.String,resolved,false,false,false,,false,{},
exist-core/src/main/java/org/exist/http/Response.java,org.exist.http.Response,code,code,java-name,int,resolved,false,false,false,int32,true,{},
exist-core/src/main/java/org/exist/http/Response.java,org.exist.http.Response,statusDesc,statusDesc,java-name,java.lang.String,resolved,false,false,false,,false,{},
exist-core/src/main/java/org/exist/http/Response.java,org.exist.http.Response,content,content,java-name,java.lang.String,resolved,false,false,false,,false,{},
exist-core/src/main/java/org/exist/http/Response.java,org.exist.http.Response,binaryContent,binaryContent,java-name,byte,resolved,true,false,false,,false,{},
exist-core/src/main/java/org/exist/http/Response.java,org.exist.http.Response,encoding,encoding,java-name,java.lang.String,resolved,false,false,false,,false,{},
exist-core/src/main/java/org/exist/http/Response.java,org.exist.http.Response,contentType,contentType,java-name,java.lang.String,resolved,false,false,false,,false,{},
exist-core/src/main/java/org/exist/storage/btree/IndexQuery.java,org.exist.storage.btree.IndexQuery,op,op,java-name,int,resolved,false,false,false,int32,true,{},
exist-core/src/main/java/org/exist/storage/btree/IndexQuery.java,org.exist.storage.btree.IndexQuery,vals,vals,java-name,org.exist.storage.btree.Value,resolved,true,false,false,,false,{},
exist-core/src/main/java/org/exist/stax/EmbeddedXMLStreamReader.java,org.exist.stax.EmbeddedXMLStreamReader$ElementEvent,data,data,java-name,org.exist.storage.btree.Value,resolved,false,false,false,,false,{},
exist-core/src/main/java/org/exist/stax/EmbeddedXMLStreamReader.java,org.exist.stax.EmbeddedXMLStreamReader$ElementEvent,childCount,childCount,java-name,int,resolved,false,false,false,int32,true,{},
exist-core/src/main/java/org/exist/stax/EmbeddedXMLStreamReader.java,org.exist.stax.EmbeddedXMLStreamReader$ElementEvent,currentChild,currentChild,java-name,int,resolved,false,false,false,int32,true,{},
exist-core/src/main/java/org/exist/test/runner/XMLTestRunner.java,org.exist.test.runner.XMLTestRunner$XMLTestInfo,name,name,java-name,java.lang.String,resolved,false,false,false,,false,{},
exist-core/src/main/java/org/exist/test/runner/XMLTestRunner.java,org.exist.test.runner.XMLTestRunner$XMLTestInfo,description,description,java-name,java.lang.String,resolved,false,false,false,,false,{},
exist-core/src/main/java/org/exist/test/runner/XMLTestRunner.java,org.exist.test.runner.XMLTestRunner$XMLTestInfo,childNames,childNames,java-name,java.lang.String,resolved,true,false,false,,false,{},
exist-core/src/main/java/org/exist/test/runner/XQueryTestRunner.java,org.exist.test.runner.XQueryTestRunner$XQueryTestInfo,prefix,prefix,java-name,java.lang.String,resolved,false,false,false,,false,{},
exist-core/src/main/java/org/exist/test/runner/XQueryTestRunner.java,org.exist.test.runner.XQueryTestRunner$XQueryTestInfo,namespace,namespace,java-name,java.lang.String,resolved,false,false,false,,false,{},
exist-core/src/main/java/org/exist/test/runner/XQueryTestRunner.java,org.exist.test.runner.XQueryTestRunner$XQueryTestInfo,testFunctions,testFunctions,java-name,org.exist.test.runner.XQueryTestRunner$XQueryTestInfo$TestFunctionDef,resolved,true,false,false,,false,{},
exist-core/src/main/java/org/exist/test/runner/XQueryTestRunner.java,org.exist.test.runner.XQueryTestRunner$XQueryTestInfo$TestFunctionDef,localName,localName,java-name,java.lang.String,resolved,false,false,false,,false,{},
exist-core/src/main/java/org/exist/test/runner/XQueryTestRunner.java,org.exist.test.runner.XQueryTestRunner$XQueryTestInfo$TestFunctionDef,arity,arity,java-name,int,resolved,false,false,false,int32,true,{},
exist-core/src/test/java/org/exist/stax/EmbeddedXMLStreamReaderTest.java,org.exist.stax.EmbeddedXMLStreamReaderTest$NamedEvent,event,event,java-name,int,resolved,false,false,false,int32,true,{},
extensions/indexes/lucene/src/main/java/org/exist/xquery/modules/lucene/QueryOptions.java,org.exist.xquery.modules.lucene.QueryOptions$FacetQuery,values,values,java-name,java.lang.String,resolved,true,false,false,,false,{},
extensions/indexes/lucene/src/main/java/org/exist/xquery/modules/lucene/Query.java,org.exist.xquery.modules.lucene.Query,contextStep,contextStep,java-name,org.exist.xquery.LocationStep,resolved,false,false,false,,false,{},
extensions/indexes/lucene/src/main/java/org/exist/xquery/modules/lucene/Query.java,org.exist.xquery.modules.lucene.Query,contextQNames,contextQNames,java-name,org.exist.dom.QName,resolved,false,false,false,,false,{},
extensions/indexes/lucene/src/main/java/org/exist/xquery/modules/lucene/Query.java,org.exist.xquery.modules.lucene.Query,axis,axis,java-name,int,resolved,false,false,false,int32,true,{},
extensions/indexes/lucene/src/main/java/org/exist/xquery/modules/lucene/Query.java,org.exist.xquery.modules.lucene.Query,preselectResult,preselectResult,java-name,org.exist.dom.persistent.NodeSet,resolved,false,false,false,,false,{},
extensions/indexes/lucene/src/main/java/org/exist/xquery/modules/lucene/Query.java,org.exist.xquery.modules.lucene.Query,optimizeSelf,optimizeSelf,java-name,boolean,resolved,false,false,false,,true,{},
extensions/indexes/lucene/src/main/java/org/exist/xquery/modules/lucene/Query.java,org.exist.xquery.modules.lucene.Query,optimizeChild,optimizeChild,java-name,boolean,resolved,false,false,false,,true,{},
extensions/indexes/lucene/src/main/java/org/exist/indexing/lucene/LuceneIndexConfig.java,org.exist.indexing.lucene.LuceneIndexConfig$MatchAttrData,qname,qname,java-name,java.lang.String,resolved,false,false,false,,false,{},
extensions/indexes/lucene/src/main/java/org/exist/indexing/lucene/LuceneIndexConfig.java,org.exist.indexing.lucene.LuceneIndexConfig$MatchAttrData,value,value,java-name,java.lang.String,resolved,false,false,false,,false,{},
extensions/indexes/lucene/src/main/java/org/exist/indexing/lucene/LuceneIndexConfig.java,org.exist.indexing.lucene.LuceneIndexConfig$MatchAttrData,boost,boost,java-name,float,resolved,false,false,false,float,true,{},
extensions/indexes/lucene/src/main/java/org/exist/indexing/lucene/LuceneIndexConfig.java,org.exist.indexing.lucene.LuceneIndexConfig$MatchAttrData,onSibling,onSibling,java-name,boolean,resolved,false,false,false,,true,{},
extensions/indexes/lucene/src/main/java/org/exist/indexing/lucene/LuceneIndexWorker.java,org.exist.indexing.lucene.LuceneIndexWorker$PendingDoc,nodeId,nodeId,java-name,org.exist.numbering.NodeId,resolved,false,false,false,,false,{},
extensions/indexes/lucene/src/main/java/org/exist/indexing/lucene/LuceneIndexWorker.java,org.exist.indexing.lucene.LuceneIndexWorker$PendingDoc,qname,qname,java-name,org.exist.dom.QName,resolved,false,false,false,,false,{},
extensions/indexes/lucene/src/main/java/org/exist/indexing/lucene/LuceneIndexWorker.java,org.exist.indexing.lucene.LuceneIndexWorker$PendingDoc,path,path,java-name,org.exist.storage.NodePath,resolved,false,false,false,,false,{},
extensions/indexes/lucene/src/main/java/org/exist/indexing/lucene/LuceneIndexWorker.java,org.exist.indexing.lucene.LuceneIndexWorker$PendingDoc,text,text,java-name,java.lang.CharSequence,resolved,false,false,false,,false,{},
extensions/indexes/lucene/src/main/java/org/exist/indexing/lucene/LuceneIndexWorker.java,org.exist.indexing.lucene.LuceneIndexWorker$PendingDoc,boost,boost,java-name,float,resolved,false,false,false,float,true,{},
extensions/indexes/lucene/src/main/java/org/exist/indexing/lucene/LuceneIndexWorker.java,org.exist.indexing.lucene.LuceneIndexWorker$PendingDoc,idxConf,idxConf,java-name,org.exist.indexing.lucene.LuceneIndexConfig,resolved,false,false,false,,false,{},
extensions/indexes/lucene/src/main/java/org/exist/indexing/lucene/LuceneIndexWorker.java,org.exist.indexing.lucene.LuceneIndexWorker$PendingAttr,attr,attr,java-name,org.exist.dom.persistent.AttrImpl,resolved,false,false,false,,false,{},
extensions/indexes/lucene/src/main/java/org/exist/indexing/lucene/LuceneIndexWorker.java,org.exist.indexing.lucene.LuceneIndexWorker$PendingAttr,path,path,java-name,org.exist.storage.NodePath,resolved,false,false,false,,false,{},
extensions/indexes/lucene/src/main/java/org/exist/indexing/lucene/LuceneIndexWorker.java,org.exist.indexing.lucene.LuceneIndexWorker$PendingAttr,conf,conf,java-name,org.exist.indexing.lucene.LuceneIndexConfig,resolved,false,false,false,,false,{},
extensions/indexes/lucene/src/main/java/org/exist/indexing/lucene/NodePathPattern.java,org.exist.indexing.lucene.NodePathPattern$SimpleAttrValuePredicate,pcode,pcode,java-name,org.exist.indexing.lucene.NodePathPattern$PredicateCode,resolved,false,false,false,,false,{},
extensions/indexes/lucene/src/main/java/org/exist/indexing/lucene/NodePathPattern.java,org.exist.indexing.lucene.NodePathPattern$SimpleAttrValuePredicate,attrName,attrName,java-name,java.lang.String,resolved,false,false,false,,false,{},
extensions/indexes/lucene/src/main/java/org/exist/indexing/lucene/NodePathPattern.java,org.exist.indexing.lucene.NodePathPattern$SimpleAttrValuePredicate,attrVal,attrVal,java-name,java.lang.String,resolved,false,false,false,,false,{},
extensions/indexes/lucene/src/main/java/org/exist/indexing/lucene/NodePathPattern.java,org.exist.indexing.lucene.NodePathPattern$NegatePredicate,negatedPredicate,negatedPredicate,java-name,org.exist.indexing.lucene.NodePathPattern$Predicate,resolved,false,false,false,,false,{},
extensions/indexes/lucene/src/main/java/org/exist/indexing/lucene/AnalyzerConfig.java,org.exist.indexing.lucene.AnalyzerConfig$KeyTypedValue,key,key,java-name,java.lang.String,resolved,false,false,false,,false,{},
extensions/indexes/lucene/src/main/java/org/exist/indexing/lucene/AnalyzerConfig.java,org.exist.indexing.lucene.AnalyzerConfig$KeyTypedValue,value,value,java-name,,simple-name,false,false,false,,false,{},
extensions/indexes/lucene/src/main/java/org/exist/indexing/lucene/AnalyzerConfig.java,org.exist.indexing.lucene.AnalyzerConfig$KeyTypedValue,valueClass,valueClass,java-name,java.lang.Class,resolved,false,false,false,,false,{},
extensions/indexes/lucene/src/main/java/org/exist/indexing/lucene/XMLToQuery.java,org.exist.indexing.lucene.XMLToQuery,index,index,java-name,org.exist.indexing.lucene.LuceneIndex,resolved,false,false,false,,false,{},
extensions/indexes/lucene/src/main/java/org/exist/indexing/lucene/XMLToQuery.java,org.exist.indexing.lucene.XMLToQuery$LazyRewriteQuery,inner,inner,java-name,org.apache.lucene.search.MultiTermQuery,resolved,false,false,false,,false,{},
extensions/indexes/lucene/src/main/java/org/exist/indexing/lucene/XMLToQuery.java,org.exist.indexing.lucene.XMLToQuery$LazyRewriteQuery,rewrite,rewrite,java-name,org.apache.lucene.search.MultiTermQuery$RewriteMethod,resolved,false,false,false,,false,{},
extensions/indexes/ngram/src/main/java/org/exist/indexing/ngram/NGramIndexWorker.java,org.exist.indexing.ngram.NGramIndexWorker$ChunkOffset,start,start,java-name,int,resolved,false,false,false,int32,true,{},
extensions/indexes/ngram/src/main/java/org/exist/indexing/ngram/NGramIndexWorker.java,org.exist.indexing.ngram.NGramIndexWorker$ChunkOffset,len,len,java-name,int,resolved,false,false,false,int32,true,{},
extensions/indexes/ngram/src/main/java/org/exist/indexing/ngram/NGramIndexWorker.java,org.exist.indexing.ngram.NGramIndexWorker$ChunkOffset,nodeId,nodeId,java-name,org.exist.numbering.NodeId,resolved,false,false,false,,false,{},
extensions/indexes/ngram/src/main/java/org/exist/indexing/ngram/NGramIndexWorker.java,org.exist.indexing.ngram.NGramIndexWorker$ChunkOffset,absEnd,absEnd,java-name,int,resolved,false,false,false,int32,true,{},
extensions/indexes/ngram/src/main/java/org/exist/indexing/ngram/NGramIndexWorker.java,org.exist.indexing.ngram.NGramIndexWorker$ChunkOffset,matchEnd,matchEnd,java-name,int,resolved,false,false,false,int32,true,{},
extensions/indexes/ngram/src/main/java/org/exist/indexing/ngram/NGramIndexWorker.java,org.exist.indexing.ngram.NGramIndexWorker$ChunkOffset,spansNextChunk,spansNextChunk,java-name,boolean,resolved,false,false,false,,true,{},
extensions/indexes/ngram/src/main/java/org/exist/indexing/ngram/NGramIndexWorker.java,org.exist.indexing.ngram.NGramIndexWorker$QNameTerm,qname,qname,java-name,org.exist.dom.QName,resolved,false,false,false,,false,{},
extensions/indexes/ngram/src/main/java/org/exist/indexing/ngram/NGramIndexWorker.java,org.exist.indexing.ngram.NGramIndexWorker$QNameTerm,term,term,java-name,java.lang.String,resolved,false,false,false,,false,{},
extensions/modules/cache/src/main/java/org/exist/xquery/modules/cache/CacheConfig.java,org.exist.xquery.modules.cache.CacheConfig,permissions,permissions,java-name,org.exist.xquery.modules.cache.CacheConfig$Permissions,resolved,false,false,true,,false,{},
extensions/modules/cache/src/main/java/org/exist/xquery/modules/cache/CacheConfig.java,org.exist.xquery.modules.cache.CacheConfig,maximumSize,maximumSize,java-name,java.lang.Long,resolved,false,false,true,int64,false,{},
extensions/modules/cache/src/main/java/org/exist/xquery/modules/cache/CacheConfig.java,org.exist.xquery.modules.cache.CacheConfig,expireAfterAccess,expireAfterAccess,java-name,java.lang.Long,resolved,false,false,true,int64,false,{},
extensions/modules/cache/src/main/java/org/exist/xquery/modules/cache/CacheConfig.java,org.exist.xquery.modules.cache.CacheConfig,expireAfterWrite,expireAfterWrite,java-name,java.lang.Long,resolved,false,false,true,int64,false,{},
extensions/modules/cache/src/main/java/org/exist/xquery/modules/cache/CacheConfig.java,org.exist.xquery.modules.cache.CacheConfig$Permissions,putGroup,putGroup,java-name,java.lang.String,resolved,false,false,true,,false,{},
extensions/modules/cache/src/main/java/org/exist/xquery/modules/cache/CacheConfig.java,org.exist.xquery.modules.cache.CacheConfig$Permissions,getGroup,getGroup,java-name,java.lang.String,resolved,false,false,true,,false,{},
extensions/modules/cache/src/main/java/org/exist/xquery/modules/cache/CacheConfig.java,org.exist.xquery.modules.cache.CacheConfig$Permissions,removeGroup,removeGroup,java-name,java.lang.String,resolved,false,false,true,,false,{},
extensions/modules/cache/src/main/java/org/exist/xquery/modules/cache/CacheConfig.java,org.exist.xquery.modules.cache.CacheConfig$Permissions,clearGroup,clearGroup,java-name,java.lang.String,resolved,false,false,true,,false,{},
extensions/modules/expathrepo/src/main/java/org/exist/xquery/modules/expathrepo/Deploy.java,org.exist.xquery.modules.expathrepo.Deploy$RepoPackageLoader,repoURL,repoURL,java-name,java.lang.String,resolved,false,false,false,,false,{},
extensions/modules/mail/src/main/java/org/exist/xquery/modules/mail/SendEmailFunction.java,org.exist.xquery.modules.mail.SendEmailFunction$MailAttachment,filename,filename,java-name,java.lang.String,resolved,false,false,false,,false,{},
extensions/modules/mail/src/main/java/org/exist/xquery/modules/mail/SendEmailFunction.java,org.exist.xquery.modules.mail.SendEmailFunction$MailAttachment,mimeType,mimeType,java-name,java.lang.String,resolved,false,false,false,,false,{},
extensions/modules/mail/src/main/java/org/exist/xquery/modules/mail/SendEmailFunction.java,org.exist.xquery.modules.mail.SendEmailFunction$MailAttachment,data,data,java-name,java.lang.String,resolved,false,false,false,,false,{},
extensions/modules/mail/src/test/java/org/exist/xquery/modules/mail/WriteMessageTest.java,org.exist.xquery.modules.mail.WriteMessageTest$Part,headerLines,headerLines,java-name,java.lang.String,resolved,true,false,false,,false,{},
extensions/modules/mail/src/test/java/org/exist/xquery/modules/mail/WriteMessageTest.java,org.exist.xquery.modules.mail.WriteMessageTest$Part,bodyLines,bodyLines,java-name,java.lang.String,resolved,true,false,false,,false,{},
extensions/modules/xslfo/src/main/java/org/exist/xquery/modules/xslfo/ApacheFopProcessorAdapter.java,org.exist.xquery.modules.xslfo.ApacheFopProcessorAdapter$FopAvalonConfigurationAdapter,avalonConfiguration,avalonConfiguration,java-name,org.apache.avalon.framework.configuration.Configuration,resolved,false,false,false,,false,{},
